<beans xmlns="http://www.springframework.org/schema/beans"
       xmlns:xsi="http://www.w3.org/2001/XMLSchema-instance"
       xmlns:context="http://www.springframework.org/schema/context"
       xmlns:tx="http://www.springframework.org/schema/tx"
       xsi:schemaLocation="http://www.springframework.org/schema/beans
    http://www.springframework.org/schema/beans/spring-beans-2.5.xsd
    http://www.springframework.org/schema/aop
    http://www.springframework.org/schema/aop/spring-aop-2.5.xsd
    http://www.springframework.org/schema/tx
    http://www.springframework.org/schema/tx/spring-tx-2.5.xsd
    http://www.springframework.org/schema/context
    http://www.springframework.org/schema/context/spring-context.xsd">
    <context:component-scan base-package="com.invado.finance.service" />
    <bean id="validator" 
          class="com.invado.finance.FinanceValidator"  
          factory-method="get" />
    <tx:annotation-driven transaction-manager="transactionManager" />

    <bean id="jpaVendorAdapter"
          class="org.springframework.orm.jpa.vendor.HibernateJpaVendorAdapter">
        <property name="databasePlatform" value="org.hibernate.dialect.Oracle10gDialect" />
        <property name="showSql" value="true"/>
    </bean>

    <bean id="transactionManager" class="org.springframework.orm.jpa.JpaTransactionManager">
        <property name="entityManagerFactory" ref="entityManagerFactory" />
        <property name="dataSource" ref="dataSource" />
        <property name="jpaDialect" ref="jpaDialect" />
    </bean>
    <bean id="entityManagerFactory"
          class="org.springframework.orm.jpa.LocalContainerEntityManagerFactoryBean">
        <property name="persistenceUnitName" value="unit" />
        <property name="dataSource" ref="dataSource" />
        <property name="jpaVendorAdapter" ref="jpaVendorAdapter" />
        <property name="jpaDialect" ref="jpaDialect" />
    </bean>

    <bean id="dataSource_Dragan" class="org.springframework.jdbc.datasource.DriverManagerDataSource">
        <property name="url" value="jdbc:postgresql://localhost:5432/robfink" />
        <property name="driverClassName" value="org.postgresql.Driver" />
        <property name="username" value="bdragan" />
    </bean>

    <bean id="dataSource" class="org.springframework.jdbc.datasource.DriverManagerDataSource">
        <property name="url" value="jdbc:oracle:thin:@localhost:1521:xe" />
        <property name="driverClassName" value="oracle.jdbc.driver.OracleDriver" />
        <property name="username" value="devel" />
        <property name="password" value="devel" />
    </bean>
    <bean id="jpaDialect" class="org.springframework.orm.jpa.vendor.HibernateJpaDialect" />



</beans>

