<?xml version="1.0" encoding="ISO-8859-1" ?>
<!DOCTYPE tiles-definitions PUBLIC
       "-//Apache Software Foundation//DTD Tiles Configuration 3.0//EN"
       "http://tiles.apache.org/dtds/tiles-config_3_0.dtd">
<tiles-definitions>
    <definition name="main-menu-form" template="/WEB-INF/layouts/crm-menu-form.jsp" preparer="com.invado.finance.MenuFormPreparer">
        <put-attribute name="title" value=""/>
        <put-attribute name="header" value="/WEB-INF/layouts/crm-header.jsp" />
        <put-attribute name="menu" value="/WEB-INF/layouts/crm-module-menu.jsp" />
        <put-attribute name="body" value=""/>
    </definition>
    <definition name="home" extends="main-menu-form">
        <put-attribute name="body" value="/WEB-INF/layouts/crm-logo.jsp"/>
    </definition>
    <definition name="item-view" extends="main-menu-form">
        <put-attribute name="body" value="/WEB-INF/jsp/crm-item-table.jsp"/>
    </definition>
    <definition name="error" extends="main-menu-form" >
        <put-attribute name="title" value="Gre?ka"/>
        <put-attribute name="panel-title" value="Gre?ka prilikom izvr?avanja programa"/>
        <put-attribute name="body" value="/WEB-INF/jsp/crm-exception.jsp"/>
    </definition>
</tiles-definitions>